claim,public_status,public_meaning
"Strong surprise-specific suggestibility amplifier","NOT SUSTAINED","Not established as a demonstrated general mechanism in this case"
"Universal short surprise window","NOT SUPPORTED","No general timing rule established"
"Expectation / context / demand family","IDENTIFIABLE IN PRINCIPLE","Potentially separable if expectation measurement is sufficiently precise"
"Attention / predictive-updating family","PARTIALLY IDENTIFIABLE","Separable only under some measurement conditions"
"Decisive secondary dataset","NONE FOUND","No audited dataset met the full minimum observable standard"
"Calibration-only real-world sources","4 SOURCES","Useful for bounded noise/reliability/covariance constraints only"
"Empirical mechanism validation","NOT ACHIEVED","No true-mechanism claim is made"
"Clinical technique","NOT CLAIMED","No treatment or superiority claim is made"
"Research closure","CLOSED WITH BOUNDED UNRESOLVED","Next meaningful step would require a new evidence program"
